{"data":{"adds":[{"nextId":null,"node":{"attributes":{"_cssText":":not(#testplane-q.testplane-w.testplane-e.testplane-r.testplane-t.testplane-y), :not(#testplane-q.testplane-w.testplane-e.testplane-r.testplane-t.testplane-y)::before, :not(#testplane-q.testplane-w.testplane-e.testplane-r.testplane-t.testplane-y)::after { animation-delay: 0ms !important; animation-duration: 0ms !important; animation-timing-function: step-start !important; scroll-behavior: auto !important; transition: none !important; }"},"childNodes":[],"id":63,"isCustom":null,"isSVG":null,"rootId":null,"tagName":"style","type":2},"parentId":3},{"nextId":null,"node":{"id":64,"rootId":null,"textContent":"","type":3},"parentId":63}],"attributes":[],"removes":[],"source":0,"texts":[]},"timestamp":1752461312474,"type":3,"seqNo":0}
{"data":{"adds":[],"attributes":[],"removes":[{"id":63,"isShadow":null,"parentId":3}],"source":0,"texts":[]},"timestamp":1752461312840,"type":3,"seqNo":1}
{"data":{"id":1,"source":3,"x":0,"y":0},"timestamp":1752461313108,"type":3,"seqNo":2}