{"data":{"id":1,"source":3,"x":0,"y":0},"timestamp":1752388851675,"type":3,"seqNo":0}
{"data":{"height":380,"href":"https://yavshok.ru/profile","width":764},"timestamp":1752388873710,"type":4,"seqNo":1}
{"data":{"initialOffset":{"left":0,"top":0},"node":{"childNodes":[{"id":2,"name":"html","publicId":"","rootId":null,"systemId":"","type":1},{"attributes":{"lang":"en"},"childNodes":[{"attributes":{},"childNodes":[{"id":5,"rootId":null,"textContent":"\n    ","type":3},{"attributes":{"charset":"utf-8"},"childNodes":[],"id":6,"isCustom":null,"isSVG":null,"rootId":null,"tagName":"meta","type":2},{"id":7,"rootId":null,"textContent":"\n    ","type":3},{"attributes":{"content":"IE=edge","httpequiv":"X-UA-Compatible"},"childNodes":[],"id":8,"isCustom":null,"isSVG":null,"rootId":null,"tagName":"meta","type":2},{"id":9,"rootId":null,"textContent":"\n    ","type":3},{"attributes":{"content":"width=device-width, initial-scale=1, shrink-to-fit=no","name":"viewport"},"childNodes":[],"id":10,"isCustom":null,"isSVG":null,"rootId":null,"tagName":"meta","type":2},{"id":11,"rootId":null,"textContent":"\n    ","type":3},{"attributes":{},"childNodes":[{"id":13,"rootId":null,"textContent":"mobile","type":3}],"id":12,"isCustom":null,"isSVG":null,"rootId":null,"tagName":"title","type":2},{"id":14,"rootId":null,"textContent":"\n    ","type":3},{"id":15,"rootId":null,"textContent":" The `react-native-web` recommended style reset: https://necolas.github.io/react-native-web/docs/setup/#root-element ","type":5},{"id":16,"rootId":null,"textContent":"\n    ","type":3},{"attributes":{"_cssText":"html, body { height: 100%; }body { overflow: hidden; }#root { display: flex; height: 100%; flex: 1 1 0%; }","id":"expo-reset"},"childNodes":[{"id":18,"rootId":null,"textContent":"","type":3}],"id":17,"isCustom":null,"isSVG":null,"rootId":null,"tagName":"style","type":2},{"id":19,"rootId":null,"textContent":"\n  ","type":3}],"id":4,"isCustom":null,"isSVG":null,"rootId":null,"tagName":"head","type":2},{"id":20,"rootId":null,"textContent":"\n\n  ","type":3},{"attributes":{},"childNodes":[{"id":22,"rootId":null,"textContent":"\n    ","type":3},{"id":23,"rootId":null,"textContent":" Use static rendering with Expo Router to support running without JavaScript. ","type":5},{"id":24,"rootId":null,"textContent":"\n    ","type":3},{"attributes":{},"childNodes":[{"id":26,"rootId":null,"textContent":"\n      You need to enable JavaScript to run this app.\n    ","type":3}],"id":25,"isCustom":null,"isSVG":null,"rootId":null,"tagName":"noscript","type":2},{"id":27,"rootId":null,"textContent":"\n    ","type":3},{"id":28,"rootId":null,"textContent":" The root element for your Expo app. ","type":5},{"id":29,"rootId":null,"textContent":"\n    ","type":3},{"attributes":{"id":"root"},"childNodes":[],"id":30,"isCustom":null,"isSVG":null,"rootId":null,"tagName":"div","type":2},{"id":31,"rootId":null,"textContent":"\n  ","type":3},{"attributes":{"defer":"","src":"https://yavshok.ru/_expo/static/js/web/entry-19b12cf1e0d3052d60607865919aabe9.js"},"childNodes":[],"id":32,"isCustom":null,"isSVG":null,"rootId":null,"tagName":"script","type":2},{"id":33,"rootId":null,"textContent":"\n\n\n","type":3}],"id":21,"isCustom":null,"isSVG":null,"rootId":null,"tagName":"body","type":2}],"id":3,"isCustom":null,"isSVG":null,"rootId":null,"tagName":"html","type":2}],"id":1,"type":0}},"timestamp":1752388873710,"type":2,"seqNo":2}
{"data":{"payload":{"colorScheme":"dark"},"tag":"color-scheme-change"},"timestamp":1752388873710,"type":5,"seqNo":3}
{"data":{"adds":[],"attributes":[{"attributes":{"content":"width=device-width,initial-scale=1.0,user-scalable=no"},"id":10}],"removes":[],"source":0,"texts":[]},"timestamp":1752388873776,"type":3,"seqNo":4}
{"data":{"id":1,"source":3,"x":0,"y":0},"timestamp":1752388878633,"type":3,"seqNo":5}